train_lossXsample,train_tp,train_fp,train_tn,train_fn,train_precision,train_recall,train_Fbeta,val_lossXsample,val_tp,val_fp,val_tn,val_fn,val_precision,val_recall,val_Fbeta,epoch_duration,eval_duration
0.4942368491615502,5683,2038,4277,354,0.7360445538142728,0.9413616034454199,0.8916188145219491,0.5853535072909676,1455,3520,7234,141,0.29246231155778896,0.9116541353383458,0.6404613082137511,1556.939989566803,769.9730083942413
0.35810819574163677,5627,1022,5354,349,0.8462926755903143,0.9415997322623829,0.9208588354662391,0.395569358977229,1350,1964,8790,246,0.40736270368135186,0.8458646616541353,0.6960197978964735,1610.7060279846191,762.5940816402435
0.33121459216477805,5653,921,5415,363,0.8599026467903864,0.9396609042553191,0.9225471636529798,0.3819905207417755,1372,1771,8983,224,0.4365256124721604,0.8596491228070176,0.7200587803085967,1603.2608997821808,768.621205329895
0.3017170424742016,5890,1249,5090,123,0.825045524583275,0.9795443206386163,0.9441826167804814,0.48916016833502274,1453,2466,8288,143,0.370757846389385,0.9104010025062657,0.7051344268659614,1594.1448619365692,776.2698113918304
0.2678663264622265,5789,871,5508,184,0.8692192192192192,0.9691947095262012,0.9474011521340665,0.36916469831698334,1402,1789,8965,194,0.4393607019743027,0.8784461152882206,0.7321148825065273,1595.4970471858978,783.5281677246094
0.2654825086642655,5872,1017,5324,139,0.8523733488169546,0.9768757278323075,0.9491481589241264,0.4619502781856398,1428,2026,8728,168,0.41343370005790386,0.8947368421052632,0.7257572677373451,973.4965219497681,360.3877682685852
0.23650897010543187,5721,654,5719,258,0.8974117647058824,0.9568489713998997,0.9443399029414677,0.36030402123204125,1337,1407,9347,259,0.4872448979591837,0.8377192982456141,0.7323619631901841,779.4465057849884,357.77764225006104
0.2488644326038157,5964,962,5314,112,0.8611030898065262,0.9815668202764977,0.9548511047070125,0.4592562442149228,1437,2025,8729,159,0.4150779896013865,0.900375939849624,0.7297379646556977,714.1973421573639,352.9291157722473
0.2549138416589233,5876,1028,5356,92,0.8511008111239861,0.9845844504021448,0.954639979204575,0.5123797598638032,1428,2155,8599,168,0.3985487022048563,0.8947368421052632,0.7163640012039731,748.0574853420258,399.5964312553406
